filename,category,source,note
product-gold-bangles-styled-with-a-saree.webp,Bangles,https://www.instagram.com/pushpajewellers_official/p/DeCPWHHgKD8/,Shop approval for website reuse required. Social post artwork; embedded branding/weights remain in the image. Confirm product availability.
product-floral-gold-ring.webp,Rings,https://www.instagram.com/pushpajewellers_official/p/Dd9FajfDB2q/,Shop approval for website reuse required. Social post artwork; embedded branding/weights remain in the image. Confirm product availability.
product-wedding-necklace-on-model.webp,Necklaces,https://www.instagram.com/pushpajewellers_official/p/Dd2_cGXCTjA/,Shop approval for website reuse required. Social post artwork; embedded branding/weights remain in the image. Confirm product availability.
product-gold-cross-pendant.webp,Pendants,https://www.instagram.com/pushpajewellers_official/p/DdwJSBmCT2E/,Shop approval for website reuse required. Social post artwork; embedded branding/weights remain in the image. Confirm product availability.
product-gemstone-pendant-on-model.webp,Pendants,https://www.instagram.com/pushpajewellers_official/p/Ddf7V7-jVXh/,Shop approval for website reuse required. Social post artwork; embedded branding/weights remain in the image. Confirm product availability.
product-everyday-gold-bangle.webp,Bangles,https://www.instagram.com/pushpajewellers_official/p/DdaxhQ_js9N/,Shop approval for website reuse required. Social post artwork; embedded branding/weights remain in the image. Confirm product availability.
product-gold-engagement-ring.webp,Rings,https://www.instagram.com/pushpajewellers_official/p/DdEQ89AEhxr/,Shop approval for website reuse required. Social post artwork; embedded branding/weights remain in the image. Confirm product availability.
product-statement-necklace-on-model.webp,Necklaces,https://www.instagram.com/pushpajewellers_official/p/Dc_AfHzjbh6/,Shop approval for website reuse required. Social post artwork; embedded branding/weights remain in the image. Confirm product availability.
product-gemstone-jewellery-assortment.webp,Collections,https://www.instagram.com/pushpajewellers_official/p/Dc8uu1BE15v/,Shop approval for website reuse required. Social post artwork; embedded branding/weights remain in the image. Confirm product availability.
product-floral-bracelet.webp,Bracelets,https://www.instagram.com/pushpajewellers_official/p/Dc0urZygNtv/,Shop approval for website reuse required. Social post artwork; embedded branding/weights remain in the image. Confirm product availability.
product-red-gemstone-pendant.webp,Pendants,https://www.instagram.com/pushpajewellers_official/p/DclT_xTDr6f/,Shop approval for website reuse required. Social post artwork; embedded branding/weights remain in the image. Confirm product availability.
product-patterned-gold-bangles.webp,Bangles,https://www.instagram.com/pushpajewellers_official/p/DcdKAPsgFUD/,Shop approval for website reuse required. Social post artwork; embedded branding/weights remain in the image. Confirm product availability.
product-circular-gemstone-pendant.webp,Pendants,https://www.instagram.com/pushpajewellers_official/p/DcV23OOCaCR/,Shop approval for website reuse required. Social post artwork; embedded branding/weights remain in the image. Confirm product availability.
product-delicate-chain-bracelet.webp,Bracelets,https://www.instagram.com/pushpajewellers_official/p/DcLIF7GGeBf/,Shop approval for website reuse required. Social post artwork; embedded branding/weights remain in the image. Confirm product availability.
product-ballerina-pendant.webp,Pendants,https://www.instagram.com/pushpajewellers_official/p/DcITBfwldTy/,Shop approval for website reuse required. Social post artwork; embedded branding/weights remain in the image. Confirm product availability.
product-fine-necklace-on-model.webp,Necklaces,https://www.instagram.com/pushpajewellers_official/p/Db4v3jmjJNH/,Shop approval for website reuse required. Social post artwork; embedded branding/weights remain in the image. Confirm product availability.
product-bracelet-on-model.webp,Bracelets,https://www.instagram.com/pushpajewellers_official/p/Db2bdVHFeKl/,Shop approval for website reuse required. Social post artwork; embedded branding/weights remain in the image. Confirm product availability.
product-bridal-necklace-and-earrings.webp,Collections,https://www.instagram.com/pushpajewellers_official/p/DbvS75qgdUo/,Shop approval for website reuse required. Social post artwork; embedded branding/weights remain in the image. Confirm product availability.
product-statement-cuff-on-model.webp,Bangles,https://www.instagram.com/pushpajewellers_official/p/DbqIUVjjHED/,Shop approval for website reuse required. Social post artwork; embedded branding/weights remain in the image. Confirm product availability.
product-minimal-bracelet-on-wrist.webp,Bracelets,https://www.instagram.com/pushpajewellers_official/p/DbiavXRjv2e/,Shop approval for website reuse required. Social post artwork; embedded branding/weights remain in the image. Confirm product availability.
product-bridal-necklace-and-cuff-set.webp,Collections,https://www.instagram.com/pushpajewellers_official/p/DbcvRA2DKZZ/,Shop approval for website reuse required. Social post artwork; embedded branding/weights remain in the image. Confirm product availability.
product-necklace-with-coloured-stones.webp,Necklaces,https://www.instagram.com/pushpajewellers_official/p/DbXQ9owiGPR/,Shop approval for website reuse required. Social post artwork; embedded branding/weights remain in the image. Confirm product availability.
product-gold-statement-cuff.webp,Bangles,https://www.instagram.com/pushpajewellers_official/p/DbUy6vNFTPe/,Shop approval for website reuse required. Social post artwork; embedded branding/weights remain in the image. Confirm product availability.
product-layered-gold-bangle.webp,Bangles,https://www.instagram.com/pushpajewellers_official/p/DbIqk1rlUw8/,Shop approval for website reuse required. Social post artwork; embedded branding/weights remain in the image. Confirm product availability.
product-layered-pendant-necklaces.webp,Necklaces,https://www.instagram.com/pushpajewellers_official/p/Da4bbf5DCv4/,Shop approval for website reuse required. Social post artwork; embedded branding/weights remain in the image. Confirm product availability.
product-geometric-gold-cuff.webp,Bangles,https://www.instagram.com/pushpajewellers_official/p/DazRCdPAEyJ/,Shop approval for website reuse required. Social post artwork; embedded branding/weights remain in the image. Confirm product availability.
product-delicate-drop-necklace.webp,Necklaces,https://www.instagram.com/pushpajewellers_official/p/DaweU5cFTr_/,Shop approval for website reuse required. Social post artwork; embedded branding/weights remain in the image. Confirm product availability.
product-wedding-ring-pair.webp,Rings,https://www.instagram.com/pushpajewellers_official/p/DafQjwsFMYH/,Shop approval for website reuse required. Social post artwork; embedded branding/weights remain in the image. Confirm product availability.
product-structured-gold-bangle.webp,Bangles,https://www.instagram.com/pushpajewellers_official/p/DaUunV-DCmn/,Shop approval for website reuse required. Social post artwork; embedded branding/weights remain in the image. Confirm product availability.
product-fine-necklace-with-small-details.webp,Necklaces,https://www.instagram.com/pushpajewellers_official/p/DZ_vbBzCZgq/,Shop approval for website reuse required. Social post artwork; embedded branding/weights remain in the image. Confirm product availability.
product-decorative-gold-pendants.webp,Pendants,https://www.instagram.com/pushpajewellers_official/p/DZpNIAKD4Ah/,Shop approval for website reuse required. Social post artwork; embedded branding/weights remain in the image. Confirm product availability.
product-nautical-pendant-necklace.webp,Pendants,https://www.instagram.com/pushpajewellers_official/p/DZkDbh9AmJt/,Shop approval for website reuse required. Social post artwork; embedded branding/weights remain in the image. Confirm product availability.
logo.webp,Branding,https://www.instagram.com/pushpajewellers_official/,Shop approval for website reuse required.
showroom.webp,Showroom,https://www.instagram.com/pushpajewellers_official/p/DdWO2GNgrnM/,Shop approval for website reuse required. Social post artwork; embedded branding/weights remain in the image. Confirm product availability.
money-exchange-service.webp,Services,https://www.instagram.com/pushpajewellers_official/p/DcgNzuuj8Gf/,Shop approval for website reuse required. Social post artwork; embedded branding/weights remain in the image. Confirm product availability.
hero-banner.webp,Branding,https://www.facebook.com/photo/?fbid=1682615540537776,Shop approval for website reuse required.
gold-purity-explainer.mp4,Videos,https://www.instagram.com/pushpajewellers_official/reel/DdjIGRBAqyH/,"Downloaded, combined with audio, converted to H.264/AAC MP4 and fully decoded without errors. Confirm music/model website rights. Instagram labels this reel as AI content; it is a marketing explainer, not approved financial guidance."
gold-purity-explainer-poster.webp,Video poster,https://www.instagram.com/pushpajewellers_official/reel/DdjIGRBAqyH/,Poster frame for gold-purity-explainer.mp4
gemstone-jewellery-showcase.mp4,Videos,https://www.instagram.com/pushpajewellers_official/reel/DdQTOcZifb2/,"Downloaded, combined with audio, converted to H.264/AAC MP4 and fully decoded without errors. Confirm music/model website rights."
gemstone-jewellery-showcase-poster.webp,Video poster,https://www.instagram.com/pushpajewellers_official/reel/DdQTOcZifb2/,Poster frame for gemstone-jewellery-showcase.mp4
jewellery-collection-showcase.mp4,Videos,https://www.instagram.com/pushpajewellers_official/reel/DcQz5vqlJmu/,"Downloaded, combined with audio, converted to H.264/AAC MP4 and fully decoded without errors. Confirm music/model website rights."
jewellery-collection-showcase-poster.webp,Video poster,https://www.instagram.com/pushpajewellers_official/reel/DcQz5vqlJmu/,Poster frame for jewellery-collection-showcase.mp4
